id	genes
R10186	(k249_8769_3) or (k249_8769_11) or (k249_531167_3) or (k249_531167_4) or (k249_767797_2) or (k249_923794_1)
R10185	(k249_8769_5) or (k249_8769_6) or (k249_8769_7) or (k249_8769_10)
R06836	k249_8769_12
R04144	(k249_13594_1) or (k249_376197_1) or (k249_686474_8)
R06895	k249_13594_8
R00259	(k249_13594_9) or (k249_88836_2)
R02649	(k249_13594_9) or (k249_88836_2) or (k249_2998397_17)
R00965	(k249_13594_11) or (k249_1054227_8) or (k249_2998397_8)
R01870	(k249_13594_11) or (k249_1054227_8) or (k249_2435177_2)
R08231	(k249_13594_11) or (k249_1054227_8)
R04277	k249_49129_1
R04278	k249_49129_2
R04279	k249_49129_2
R04418	k249_49129_2
R04419	k249_49129_2
R02788	(k249_51520_1) or (k249_376197_23)
R00291	(k249_52663_14) or (k249_560581_2)
R02984	(k249_52663_14) or (k249_560581_2)
R05705	k249_69304_1
R05706	k249_69304_1
R08014	k249_69304_1
R08017	k249_69304_1
R08042	k249_69304_1
R00125	k249_76775_4
R04112	(k249_81429_2) or (k249_154338_8) or (k249_2147958_21)
R02101	(k249_81429_6) or (k249_454893_3)
R01518	(k249_81429_15) or (k249_531167_2)
R01931	(k249_81429_16) or (k249_1459546_16)
R00253	(k249_81429_19) or (k249_166261_5) or (k249_226847_1) or (k249_2550746_9) or (k249_2550746_11)
R06988	k249_81429_19
R09284	k249_81429_19
R01051	k249_81429_23
R01541	k249_81429_23
R02750	k249_81429_23
R03315	k249_81429_23
R01055	k249_81429_24
R01175	k249_81429_25
R01279	k249_81429_25
R03777	k249_81429_25
R03857	k249_81429_25
R03990	k249_81429_25
R04095	k249_81429_25
R04751	k249_81429_25
R04754	k249_81429_25
R00582	(k249_81429_34) or (k249_154338_20)
R00866	k249_81429_37
R03819	k249_81429_37
R06782	(k249_81429_37) or (k249_445190_2)
R06783	(k249_81429_37) or (k249_445190_2)
R01716	(k249_81429_42) or (k249_154338_21) or (k249_241809_19)
R03503	(k249_81429_42) or (k249_2970280_5)
R03504	(k249_81429_42) or (k249_81429_43) or (k249_2970280_5)
R11037	(k249_81429_43) or (k249_2970280_5)
R11073	(k249_81429_43) or (k249_2970280_5)
R00801	(k249_81429_53) or (k249_411234_2) or (k249_608065_1) or (k249_798161_1) or (k249_888932_7)
R01718	(k249_81429_53) or (k249_411234_2)
R06199	(k249_81429_53) or (k249_411234_2)
R01954	k249_81429_67
R00130	(k249_88836_1) or (k249_182020_11)
R02282	k249_88836_2
R04587	k249_88836_5
R01150	(k249_88836_8) or (k249_659916_1)
R00897	(k249_89425_4) or (k249_657971_12) or (k249_1426829_2)
R03601	(k249_89425_4) or (k249_657971_12) or (k249_1426829_2)
R04640	(k249_98619_2) or (k249_545032_4) or (k249_2188045_11)
R01238	(k249_98619_3) or (k249_2806495_3)
R04986	(k249_98619_3) or (k249_2806495_3)
R00823	k249_98619_4
R00825	k249_98619_4
R03391	(k249_98619_4) or (k249_416418_1)
R03392	(k249_98619_4) or (k249_416418_1)
R00235	(k249_98619_8) or (k249_531167_18) or (k249_945323_22)
R00236	(k249_98619_8) or (k249_531167_18) or (k249_945323_22)
R00316	(k249_98619_8) or (k249_531167_18) or (k249_945323_22)
R00926	(k249_98619_8) or (k249_531167_18) or (k249_945323_22)
R01354	(k249_98619_8) or (k249_531167_18) or (k249_945323_22)
R01878	(k249_98619_10) or (k249_798161_30)
R02485	(k249_98619_10) or (k249_798161_30)
R08221	(k249_98619_10) or (k249_798161_30)
R01402	(k249_98619_11) or (k249_2841686_13)
R01561	(k249_98619_11) or (k249_2893409_5)
R01863	(k249_98619_11) or (k249_2893409_5)
R01969	k249_98619_11
R02147	(k249_98619_11) or (k249_2893409_5)
R02294	k249_98619_11
R02295	k249_98619_11
R02297	(k249_98619_11) or (k249_2893409_5)
R02484	(k249_98619_11) or (k249_715153_1) or (k249_782612_1)
R02557	k249_98619_11
R02748	k249_98619_11
R08368	k249_98619_11
R10244	k249_98619_11
R00089	(k249_98619_14) or (k249_130661_4) or (k249_805868_3) or (k249_910917_4) or (k249_1049152_2)
R00434	(k249_98619_14) or (k249_130661_4) or (k249_805868_3) or (k249_910917_4) or (k249_1049152_2)
R00497	(k249_98619_23) or (k249_3722152_5)
R00894	(k249_98619_23) or (k249_594999_11)
R10993	(k249_98619_23) or (k249_594999_11)
R10994	(k249_98619_23) or (k249_3722152_5)
R01771	(k249_98619_33) or (k249_154338_20) or (k249_2018966_3)
R00182	(k249_98619_34) or (k249_1676137_1)
R00510	(k249_98619_34) or (k249_1676137_1)
R00264	(k249_117437_5) or (k249_632589_2) or (k249_767246_1)
R00710	(k249_117437_5) or (k249_632589_2) or (k249_767246_1)
R00904	(k249_117437_5) or (k249_632589_2) or (k249_767246_1)
R01752	(k249_117437_5) or (k249_632589_2) or (k249_767246_1)
R01986	(k249_117437_5) or (k249_632589_2) or (k249_767246_1)
R02549	(k249_117437_5) or (k249_632589_2) or (k249_767246_1) or (k249_2550746_4)
R02678	(k249_117437_5) or (k249_632589_2) or (k249_767246_1)
R02940	(k249_117437_5) or (k249_632589_2) or (k249_767246_1)
R02957	(k249_117437_5) or (k249_632589_2) or (k249_767246_1)
R03283	(k249_117437_5) or (k249_632589_2) or (k249_767246_1)
R03869	(k249_117437_5) or (k249_632589_2) or (k249_767246_1)
R04065	(k249_117437_5) or (k249_632589_2) or (k249_767246_1)
R04506	(k249_117437_5) or (k249_632589_2) or (k249_767246_1)
R04903	(k249_117437_5) or (k249_632589_2) or (k249_767246_1)
R05050	(k249_117437_5) or (k249_632589_2) or (k249_767246_1)
R05237	(k249_117437_5) or (k249_632589_2) or (k249_767246_1)
R05238	(k249_117437_5) or (k249_632589_2) or (k249_767246_1)
R05286	(k249_117437_5) or (k249_632589_2) or (k249_767246_1)
R06366	(k249_117437_5) or (k249_632589_2) or (k249_767246_1)
R08146	(k249_117437_5) or (k249_632589_2) or (k249_767246_1)
R11768	k249_117437_5
R04035	(k249_129203_1) or (k249_2188045_11)
R04037	(k249_129203_1) or (k249_2188045_11)
R01397	(k249_130661_1) or (k249_130661_2)
R08057	(k249_130661_4) or (k249_2998397_14)
R01082	k249_150865_5
R00355	(k249_150865_7) or (k249_1115072_4)
R00694	(k249_150865_7) or (k249_545032_2) or (k249_798161_2) or (k249_1115072_4)
R00734	(k249_150865_7) or (k249_545032_2) or (k249_798161_2) or (k249_1115072_4)
R00896	(k249_150865_7) or (k249_1115072_4)
R01731	(k249_150865_7) or (k249_1115072_4)
R02433	(k249_150865_7) or (k249_1115072_4)
R02619	(k249_150865_7) or (k249_1115072_4)
R05052	(k249_150865_7) or (k249_1115072_4)
R07396	(k249_150865_7) or (k249_1115072_4)
R10845	(k249_150865_7) or (k249_1115072_4)
R02301	k249_153269_10
R01736	(k249_153269_16) or (k249_425222_29) or (k249_1122453_3)
R01826	(k249_154338_15) or (k249_822466_23)
R00509	(k249_154338_19) or (k249_888932_5)
R04928	(k249_154338_19) or (k249_888932_5)
R00985	(k249_154338_21) or (k249_241809_16) or (k249_241809_17) or (k249_241809_19) or (k249_241809_20)
R00986	(k249_154338_21) or (k249_241809_16) or (k249_241809_17) or (k249_241809_19) or (k249_241809_20)
R05553	(k249_154338_21) or (k249_578838_29)
R00787	(k249_154338_30) or (k249_445190_1) or (k249_445190_2) or (k249_680133_8) or (k249_2667867_1)
R00858	(k249_154338_30) or (k249_2550746_22) or (k249_2990902_10)
R00243	k249_154338_33
R01869	k249_154338_35
R04549	k249_154338_42
R01220	k249_154338_44
R01655	k249_154338_44
R04478	k249_162470_2
R01632	(k249_162470_3) or (k249_162470_4) or (k249_242111_8) or (k249_242111_9) or (k249_632589_7)
R03550	(k249_162470_3) or (k249_162470_4) or (k249_242111_8) or (k249_242111_9) or (k249_632589_7)
R04280	(k249_162470_3) or (k249_162470_4) or (k249_242111_8) or (k249_242111_9) or (k249_632589_7)
R09565	(k249_162470_3) or (k249_162470_4) or (k249_242111_8) or (k249_242111_9) or (k249_632589_7)
R03443	(k249_165867_4) or (k249_1230243_3)
R01224	k249_165867_5
R07168	k249_165867_5
R00357	(k249_166261_9) or (k249_657971_1)
R00481	(k249_166261_9) or (k249_657971_1)
R00782	(k249_167816_12) or (k249_425422_2)
R00999	(k249_167816_12) or (k249_531167_20)
R01286	(k249_167816_12) or (k249_425422_2)
R01288	(k249_167816_12) or (k249_531167_20)
R02408	(k249_167816_12) or (k249_425422_2)
R02508	(k249_167816_12) or (k249_531167_20)
R03217	(k249_167816_12) or (k249_531167_20)
R03260	(k249_167816_12) or (k249_531167_20)
R04941	(k249_167816_12) or (k249_425422_2)
R04944	(k249_167816_12) or (k249_531167_20)
R04945	(k249_167816_12) or (k249_531167_20)
R04946	(k249_167816_12) or (k249_531167_20)
R00026	k249_167947_1
R02558	k249_167947_1
R02985	k249_167947_1
R04998	k249_167947_1
R10035	k249_167947_1
R10039	k249_167947_1
R10040	k249_167947_1
R00426	(k249_167947_4) or (k249_405843_5) or (k249_2998397_1) or (k249_3722152_2)
R00720	(k249_167947_4) or (k249_405843_5) or (k249_2998397_1) or (k249_3722152_2)
R01855	(k249_167947_4) or (k249_405843_5) or (k249_2998397_1) or (k249_3722152_2)
R02100	(k249_167947_4) or (k249_405843_5) or (k249_2998397_1) or (k249_3722152_2)
R02720	(k249_167947_4) or (k249_405843_5) or (k249_2998397_1) or (k249_3722152_2)
R03531	(k249_167947_4) or (k249_405843_5) or (k249_2998397_1) or (k249_3722152_2)
R00997	k249_182020_3
R01874	k249_182020_3
R00103	(k249_182020_7) or (k249_3722152_2)
R03004	(k249_182020_7) or (k249_3722152_2)
R11104	k249_182020_7
R00086	(k249_182020_14) or (k249_2147958_1) or (k249_2415196_1) or (k249_3722152_2)
R01513	(k249_188005_1) or (k249_767246_5) or (k249_1015053_13) or (k249_1399648_41) or (k249_1468926_7) or (k249_3359821_5)
R01245	k249_188005_8
R01273	k249_188005_8
R01677	k249_188005_8
R01770	k249_188005_8
R02143	k249_188005_8
R01305	k249_188005_10
R02530	(k249_188005_12) or (k249_800257_20)
R00127	(k249_188005_14) or (k249_241809_1)
R01135	(k249_188005_14) or (k249_241809_1) or (k249_943897_9) or (k249_2860273_2)
R01547	(k249_188005_14) or (k249_241809_1)
R11319	(k249_188005_14) or (k249_241809_1)
R01011	k249_188005_15
R01012	(k249_188005_15) or (k249_945323_44) or (k249_945323_45)
R01059	k249_188005_15
R01567	k249_195882_3
R02099	k249_195882_3
R08233	k249_195882_3
R00754	(k249_222963_1) or (k249_1015053_1) or (k249_1031794_1) or (k249_1771190_3) or (k249_2525945_18)
R02124	(k249_222963_1) or (k249_1015053_1) or (k249_1031794_1) or (k249_1771190_3)
R04880	(k249_222963_1) or (k249_1015053_1) or (k249_1031794_1) or (k249_1771190_3) or (k249_2525945_18)
R05233	(k249_222963_1) or (k249_1015053_1) or (k249_1031794_1) or (k249_1771190_3) or (k249_2525945_18)
R05234	(k249_222963_1) or (k249_1015053_1) or (k249_1031794_1) or (k249_1771190_3) or (k249_2525945_18)
R06917	(k249_222963_1) or (k249_1015053_1) or (k249_1031794_1) or (k249_1771190_3) or (k249_2525945_18)
R06927	(k249_222963_1) or (k249_1015053_1) or (k249_1031794_1) or (k249_1771190_3) or (k249_2525945_18)
R07105	(k249_222963_1) or (k249_1015053_1) or (k249_1031794_1) or (k249_1771190_3)
R08281	(k249_222963_1) or (k249_1015053_1) or (k249_1031794_1) or (k249_1771190_3)
R08306	(k249_222963_1) or (k249_1015053_1) or (k249_1031794_1) or (k249_1771190_3)
R08310	(k249_222963_1) or (k249_1015053_1) or (k249_1031794_1) or (k249_1771190_3)
R10703	(k249_222963_1) or (k249_632589_2)
R10531	k249_222963_6
R00566	k249_241809_2
R11098	k249_241809_3
R11099	k249_241809_3
R04148	k249_241809_6
R00299	k249_241809_9
R01600	k249_241809_9
R01786	k249_241809_9
R00945	k249_241809_15
R09099	k249_241809_15
R01073	(k249_241809_20) or (k249_679466_8)
R03508	(k249_241809_21) or (k249_648967_3) or (k249_2950005_1)
R03509	(k249_241809_21) or (k249_648967_3) or (k249_979359_9) or (k249_2950005_1)
R00475	k249_241809_24
R00161	(k249_241809_28) or (k249_568003_13)
R00549	(k249_241809_28) or (k249_568003_13)
R00158	(k249_241809_31) or (k249_568003_13)
R00512	(k249_241809_31) or (k249_568003_13)
R01665	(k249_241809_31) or (k249_568003_13)
R02134	k249_261853_1
R00183	(k249_280456_1) or (k249_446639_8) or (k249_2339496_4)
R00511	(k249_280456_1) or (k249_446639_8) or (k249_2339496_4)
R00963	(k249_280456_1) or (k249_446639_8) or (k249_2339496_4)
R01126	(k249_280456_1) or (k249_446639_8) or (k249_2339496_4)
R01227	(k249_280456_1) or (k249_446639_8) or (k249_2339496_4)
R01569	(k249_280456_1) or (k249_446639_8) or (k249_1448588_7) or (k249_2339496_4)
R01664	(k249_280456_1) or (k249_446639_8) or (k249_1448588_7) or (k249_2339496_4)
R01968	(k249_280456_1) or (k249_446639_8) or (k249_1448588_7) or (k249_2339496_4)
R02088	(k249_280456_1) or (k249_446639_8) or (k249_1448588_7) or (k249_2339496_4)
R02102	(k249_280456_1) or (k249_446639_8) or (k249_1448588_7) or (k249_2339496_4)
R02323	(k249_280456_1) or (k249_446639_8) or (k249_2339496_4)
R02719	(k249_280456_1) or (k249_446639_8) or (k249_2339496_4)
R03346	(k249_280456_1) or (k249_446639_8) or (k249_2339496_4)
R00480	(k249_362844_2) or (k249_2998397_3) or (k249_2998397_13)
R01773	(k249_362844_2) or (k249_441004_11) or (k249_2998397_3) or (k249_2998397_13)
R01775	(k249_362844_2) or (k249_441004_11) or (k249_2998397_3) or (k249_2998397_13)
R00217	(k249_362844_6) or (k249_362844_7) or (k249_362844_8) or (k249_376197_8)
R00209	(k249_362844_7) or (k249_376197_8) or (k249_465104_5) or (k249_955711_30) or (k249_1041617_4) or (k249_1486087_1) or (k249_1486087_2) or (k249_2416230_1) or (k249_2416230_2) or (k249_2416230_4) or (k249_2416230_6) or (k249_3328914_18)
R00344	k249_362844_7
R01127	k249_376197_2
R04560	k249_376197_2
R00742	(k249_376197_7) or (k249_376197_8) or (k249_648967_4) or (k249_1399648_16)
R03084	k249_376197_9
R03460	(k249_376197_12) or (k249_568003_12) or (k249_568003_13)
R02971	(k249_376197_15) or (k249_945323_1) or (k249_945323_2)
R03018	(k249_376197_15) or (k249_945323_1) or (k249_945323_2)
R04391	(k249_376197_15) or (k249_945323_1) or (k249_945323_2)
R05644	k249_376197_15
R05645	k249_376197_15
R05646	k249_376197_15
R09768	k249_376197_15
R09769	k249_376197_15
R04617	(k249_376197_23) or (k249_376197_24)
R04573	k249_376197_24
R01067	(k249_394386_4) or (k249_397260_4)
R01641	(k249_394386_4) or (k249_397260_4)
R01830	(k249_394386_4) or (k249_397260_4)
R06590	(k249_394386_4) or (k249_397260_4)
R00762	k249_397260_4
R01845	k249_397260_4
R04780	k249_397260_4
R04658	(k249_405843_3) or (k249_1434416_5)
R05074	(k249_405843_3) or (k249_1434416_5)
R09763	(k249_405843_3) or (k249_1434416_5)
R00260	k249_405843_5
R11706	(k249_417112_1) or (k249_754248_6)
R11707	(k249_417112_1) or (k249_754248_6)
R02262	k249_417112_2
R01394	k249_417112_3
R01528	k249_417112_4
R10221	k249_417112_4
R01737	k249_417112_5
R09733	k249_424548_2
R01248	(k249_425222_38) or (k249_1279592_5)
R01251	(k249_425222_38) or (k249_1279592_5)
R03291	(k249_425222_38) or (k249_1279592_5)
R03293	(k249_425222_38) or (k249_1279592_5)
R09735	k249_426359_8
R01061	(k249_426359_9) or (k249_744826_12)
R01540	(k249_440146_1) or (k249_653278_7)
R10764	k249_440146_3
R10689	k249_440146_4
R01466	k249_441004_10
R05086	k249_441004_10
R05637	(k249_441004_13) or (k249_1399648_9) or (k249_1399648_10)
R06514	k249_445190_6
R00617	k249_446308_3
R01049	k249_464838_2
R01221	(k249_465104_5) or (k249_696185_13) or (k249_696185_14) or (k249_696185_15) or (k249_955711_30) or (k249_1041617_4) or (k249_2416230_1)
R01698	(k249_465104_5) or (k249_955711_30) or (k249_1041617_4) or (k249_2416230_1)
R08549	(k249_465104_5) or (k249_955711_30) or (k249_1041617_4) or (k249_1041617_5) or (k249_1041617_6) or (k249_2416230_1) or (k249_2416230_4)
R09838	(k249_518594_3) or (k249_702968_16)
R00124	k249_518594_5
R00139	k249_518594_5
R00156	k249_518594_5
R00330	k249_518594_5
R00570	k249_518594_5
R00722	k249_518594_5
R01137	k249_518594_5
R01857	k249_518594_5
R02093	k249_518594_5
R02326	k249_518594_5
R02331	k249_518594_5
R03530	k249_518594_5
R11894	k249_518594_5
R11895	k249_518594_5
R00131	(k249_523785_1) or (k249_523785_2) or (k249_523785_3)
R00513	k249_531167_9
R00516	k249_531167_9
R00517	k249_531167_9
R00962	k249_531167_9
R00964	k249_531167_9
R00967	k249_531167_9
R00968	k249_531167_9
R00970	k249_531167_9
R01548	k249_531167_9
R01549	k249_531167_9
R01880	k249_531167_9
R02091	k249_531167_9
R02096	k249_531167_9
R02097	k249_531167_9
R02327	k249_531167_9
R02332	k249_531167_9
R02371	k249_531167_9
R02372	k249_531167_9
R08232	k249_531167_9
R01015	(k249_531167_10) or (k249_1822632_4)
R01512	k249_531167_10
R01068	(k249_531167_11) or (k249_1131129_2)
R01070	(k249_531167_11) or (k249_1131129_2)
R01829	(k249_531167_11) or (k249_1131129_2)
R02568	(k249_531167_11) or (k249_1131129_2)
R01287	k249_531167_20
R00310	k249_531167_24
R11329	k249_531167_24
R00188	(k249_531167_28) or (k249_2771598_4)
R00508	k249_531167_28
R00529	(k249_531167_28) or (k249_696185_11) or (k249_888932_4) or (k249_888932_5)
R01185	(k249_531167_28) or (k249_702968_2)
R01186	(k249_531167_28) or (k249_702968_2)
R01187	(k249_531167_28) or (k249_702968_2)
R04929	(k249_531167_28) or (k249_696185_11) or (k249_888932_4) or (k249_888932_5)
R00220	(k249_531167_36) or (k249_1155537_1) or (k249_1455622_13) or (k249_1459546_11)
R00996	(k249_531167_36) or (k249_1459546_11)
R01056	k249_531167_37
R01158	(k249_545032_2) or (k249_798161_3)
R01163	(k249_545032_2) or (k249_798161_3)
R03012	(k249_545032_2) or (k249_798161_3)
R03013	k249_545032_2
R03243	(k249_545032_2) or (k249_798161_2)
R03457	k249_545032_2
R04558	(k249_545032_3) or (k249_545032_5)
R00756	(k249_545032_6) or (k249_945323_42)
R03236	(k249_545032_6) or (k249_945323_42)
R03237	(k249_545032_6) or (k249_945323_42)
R03238	(k249_545032_6) or (k249_945323_42)
R03239	(k249_545032_6) or (k249_945323_42)
R04779	(k249_545032_6) or (k249_945323_42)
R00212	k249_545032_7
R06987	k249_545032_7
R00602	k249_560581_1
R00698	k249_560581_1
R02670	k249_560581_1
R11906	k249_560581_1
R01676	(k249_560581_8) or (k249_2616098_1)
R00803	k249_568003_2
R04988	k249_568003_7
R09660	k249_568003_8
R00691	(k249_568003_11) or (k249_3244152_2)
R01373	(k249_568003_11) or (k249_3244152_2)
R01715	k249_568003_11
R01728	(k249_568003_11) or (k249_568003_12)
R00732	k249_568003_12
R02473	(k249_568003_13) or (k249_2970280_7)
R00094	k249_578838_7
R00115	k249_578838_7
R02094	k249_578838_27
R02098	k249_578838_27
R01090	(k249_578838_29) or (k249_1092266_1) or (k249_1129032_1)
R01214	(k249_578838_29) or (k249_1092266_1) or (k249_1129032_1)
R02199	(k249_578838_29) or (k249_1092266_1) or (k249_1129032_1)
R10991	(k249_578838_29) or (k249_1092266_1) or (k249_1129032_1)
R02413	(k249_578838_37) or (k249_1559805_3) or (k249_2188045_6)
R03191	(k249_578838_41) or (k249_659916_1)
R03192	(k249_578838_41) or (k249_659916_1)
R03351	(k249_578838_42) or (k249_578838_53)
R11396	(k249_578838_42) or (k249_578838_53)
R04657	(k249_578838_43) or (k249_2725021_7)
R01416	k249_578838_50
R03254	k249_578838_52
R03350	k249_578838_53
R07411	k249_594999_21
R07404	(k249_594999_30) or (k249_847715_1)
R01092	(k249_599558_1) or (k249_1645266_4)
R00955	k249_599558_2
R00396	k249_599558_4
R00028	(k249_608065_1) or (k249_798161_1) or (k249_888932_7)
R00802	(k249_608065_1) or (k249_798161_1) or (k249_888932_7)
R06087	(k249_608065_1) or (k249_798161_1) or (k249_888932_7)
R06088	(k249_608065_1) or (k249_798161_1) or (k249_888932_7)
R00842	k249_608065_20
R00844	k249_608065_20
R01714	k249_608065_26
R00711	k249_632589_2
R00829	(k249_633436_1) or (k249_759691_1)
R00927	(k249_633436_1) or (k249_759691_1)
R01177	(k249_633436_1) or (k249_759691_1)
R03778	(k249_633436_1) or (k249_759691_1)
R03858	(k249_633436_1) or (k249_759691_1)
R03991	(k249_633436_1) or (k249_759691_1)
R04546	(k249_633436_1) or (k249_759691_1)
R04742	(k249_633436_1) or (k249_759691_1)
R04747	(k249_633436_1) or (k249_759691_1)
R05506	(k249_633436_1) or (k249_759691_1)
R05586	(k249_633436_1) or (k249_759691_1)
R07891	(k249_633436_1) or (k249_759691_1)
R07895	(k249_633436_1) or (k249_759691_1)
R07899	(k249_633436_1) or (k249_759691_1)
R08091	(k249_633436_1) or (k249_759691_1)
R08095	(k249_633436_1) or (k249_759691_1)
R01975	k249_633436_2
R03026	k249_633436_2
R03045	k249_633436_2
R03276	k249_633436_2
R04137	k249_633436_2
R04170	k249_633436_2
R04203	k249_633436_2
R04204	k249_633436_2
R04224	k249_633436_2
R04737	k249_633436_2
R04738	k249_633436_2
R04739	k249_633436_2
R04740	k249_633436_2
R04741	k249_633436_2
R04744	k249_633436_2
R04745	k249_633436_2
R04746	k249_633436_2
R04748	k249_633436_2
R04749	k249_633436_2
R04756	k249_633436_2
R05066	(k249_633436_2) or (k249_1746777_10)
R05305	k249_633436_2
R06411	k249_633436_2
R06412	k249_633436_2
R06941	(k249_633436_2) or (k249_945323_32)
R06942	k249_633436_2
R07935	k249_633436_2
R07951	k249_633436_2
R08093	k249_633436_2
R08094	k249_633436_2
R00674	(k249_648967_3) or (k249_979359_8) or (k249_979359_9) or (k249_2950005_1)
R02340	(k249_648967_3) or (k249_979359_8) or (k249_979359_9) or (k249_2950005_1)
R02722	(k249_648967_3) or (k249_979359_8) or (k249_979359_9) or (k249_2950005_1)
R11072	(k249_648967_3) or (k249_2950005_1)
R00942	k249_648967_5
R02237	k249_648967_5
R04241	k249_648967_5
R01072	k249_648967_8
R07675	k249_653278_1
R08926	k249_653278_1
R10691	k249_653278_2
R05838	(k249_657971_9) or (k249_798161_30)
R00022	(k249_657971_10) or (k249_1984382_20)
R05963	(k249_657971_10) or (k249_1984382_20)
R07809	(k249_657971_10) or (k249_1984382_20)
R07810	(k249_657971_10) or (k249_1984382_20)
R10831	(k249_657971_10) or (k249_1984382_20)
R03132	k249_657971_12
R00336	(k249_657971_14) or (k249_2998397_10) or (k249_3722152_1)
R00429	(k249_657971_14) or (k249_2998397_10) or (k249_3722152_1)
R03193	k249_659916_2
R05032	(k249_659916_3) or (k249_659916_4)
R05662	(k249_659916_3) or (k249_659916_4)
R02783	k249_659916_5
R02864	(k249_679466_9) or (k249_955711_1)
R03165	(k249_679466_9) or (k249_955711_1) or (k249_1980508_6) or (k249_1980508_7) or (k249_1980508_8)
R03194	(k249_679466_9) or (k249_955711_1) or (k249_1980508_6) or (k249_1980508_7) or (k249_1980508_8)
R03947	(k249_679466_9) or (k249_955711_1)
R05180	(k249_679466_9) or (k249_955711_1)
R05807	(k249_679466_9) or (k249_955711_1)
R05809	(k249_679466_9) or (k249_955711_1)
R07772	(k249_679466_9) or (k249_955711_1)
R07463	k249_681376_1
R00494	k249_681376_6
R03970	k249_681376_6
R03971	k249_681376_6
R03816	(k249_686474_1) or (k249_2841686_1)
R04591	(k249_686474_6) or (k249_1594781_9)
R04208	k249_686474_8
R04325	(k249_686474_9) or (k249_2893409_8)
R04326	(k249_686474_9) or (k249_2893409_8)
R00704	k249_686474_11
R00472	(k249_686474_12) or (k249_844725_2) or (k249_981189_1) or (k249_2973906_4)
R00189	(k249_693436_1) or (k249_2006534_8)
R00257	(k249_693436_1) or (k249_2006534_8)
R01334	k249_693436_2
R00006	(k249_693436_7) or (k249_693436_8)
R00014	(k249_693436_7) or (k249_693436_8) or (k249_1486087_2) or (k249_2416230_6)
R00226	(k249_693436_7) or (k249_693436_8)
R03050	(k249_693436_7) or (k249_693436_8)
R04672	(k249_693436_7) or (k249_693436_8)
R04673	(k249_693436_7) or (k249_693436_8)
R08648	(k249_693436_7) or (k249_693436_8)
R03051	k249_693436_9
R04439	k249_693436_9
R04440	k249_693436_9
R05068	k249_693436_9
R05069	k249_693436_9
R05071	k249_693436_9
R02601	k249_693608_6
R04781	k249_693608_6
R00751	k249_693608_8
R06171	k249_693608_8
R00411	k249_693987_5
R01837	k249_696185_2
R02216	k249_696185_2
R02499	k249_696185_2
R02840	k249_696185_2
R03327	k249_696185_2
R04163	k249_696185_2
R04678	k249_696185_2
R04849	k249_696185_2
R09955	k249_696185_2
R10002	k249_696185_8
R01324	k249_696185_9
R01325	k249_696185_9
R01900	k249_696185_9
R04425	k249_696185_9
R00200	(k249_696185_11) or (k249_1486087_3)
R00430	(k249_696185_11) or (k249_1486087_3)
R01138	(k249_696185_11) or (k249_1486087_3)
R01858	(k249_696185_11) or (k249_1486087_3)
R02300	k249_696185_13
R01268	(k249_702968_3) or (k249_3722152_6)
R00586	(k249_702968_4) or (k249_767246_2)
R01229	(k249_709608_3) or (k249_709608_4) or (k249_981189_7)
R02142	(k249_709608_3) or (k249_709608_4) or (k249_981189_7)
R01658	k249_709608_12
R02003	k249_709608_12
R02061	k249_709608_12
R09248	(k249_709608_12) or (k249_798161_39)
R01570	(k249_715153_1) or (k249_782612_1) or (k249_2893409_5)
R01876	(k249_715153_1) or (k249_782612_1) or (k249_2893409_5)
R02296	(k249_715153_1) or (k249_782612_1) or (k249_2893409_5)
R08222	(k249_715153_1) or (k249_782612_1)
R08230	(k249_715153_1) or (k249_782612_1)
R01057	(k249_715153_2) or (k249_2018966_1)
R02749	(k249_715153_2) or (k249_2018966_1)
R04198	k249_735475_2
R04199	k249_735475_2
R03027	k249_739799_4
R00230	k249_739799_5
R00921	k249_739799_5
R00715	k249_744826_10
R09081	k249_744826_11
R09082	k249_744826_11
R02565	k249_767246_1
R02566	k249_767246_1
R00717	(k249_767246_5) or (k249_3359821_5)
R01388	(k249_767246_5) or (k249_3359821_5)
R03313	(k249_779311_1) or (k249_1599817_2)
R00137	(k249_779311_2) or (k249_779311_3)
R01560	k249_779311_2
R02556	k249_779311_2
R03005	(k249_779311_2) or (k249_779311_3)
R00944	k249_779311_17
R04463	k249_779311_20
R00615	k249_779311_24
R02135	k249_779311_24
R01066	k249_782612_2
R01071	(k249_798161_4) or (k249_943897_8)
R00660	k249_798161_5
R01530	k249_798161_9
R00066	k249_798161_25
R00239	k249_798161_35
R09247	k249_798161_39
R02777	k249_798161_41
R00005	k249_799943_2
R00774	k249_799943_2
R00899	(k249_800257_4) or (k249_1215375_2) or (k249_1448588_14)
R00104	k249_800257_7
R01209	(k249_800257_9) or (k249_1202656_2)
R02739	(k249_800257_9) or (k249_1455622_11) or (k249_1486087_6) or (k249_2970280_9)
R04441	(k249_800257_9) or (k249_1202656_2)
R05070	(k249_800257_9) or (k249_1202656_2)
R00946	k249_800257_12
R09096	k249_800257_12
R09365	k249_800257_12
R10219	k249_800257_12
R10243	k249_800257_12
R05627	(k249_800257_17) or (k249_822466_11) or (k249_916283_5) or (k249_1599817_1)
R01130	k249_805088_6
R01134	k249_805088_6
R08240	k249_805088_6
R03035	k249_805088_8
R05636	(k249_805868_11) or (k249_1078230_1)
R11581	(k249_818306_8) or (k249_818306_11)
R11372	k249_818306_9
R09726	k249_818306_10
R00966	k249_822466_5
R02734	k249_822466_19
R07501	k249_837276_5
R10709	k249_837276_5
R10710	k249_837276_5
R07405	k249_847715_2
R08871	k249_847715_12
R08938	k249_847715_12
R00425	(k249_847715_24) or (k249_1155537_6)
R00245	(k249_851878_2) or (k249_1016403_1)
R00707	(k249_851878_2) or (k249_1016403_1)
R00708	(k249_851878_2) or (k249_1016403_1)
R01492	k249_851878_2
R04444	(k249_851878_2) or (k249_1016403_1)
R04445	(k249_851878_2) or (k249_1016403_1)
R05051	(k249_851878_2) or (k249_1016403_1)
R05220	k249_851878_2
R07268	k249_851878_2
R00428	(k249_888932_6) or (k249_2970280_5)
R04639	(k249_888932_6) or (k249_2970280_5)
R05046	(k249_888932_6) or (k249_2970280_5)
R05048	(k249_888932_6) or (k249_2970280_5)
R02539	k249_904436_1
R02773	k249_904436_6
R01016	k249_910917_6
R00848	k249_923794_5
R01074	(k249_945323_1) or (k249_945323_2)
R01054	(k249_945323_16) or (k249_2893409_10)
R01357	k249_945323_22
R01976	k249_945323_32
R05576	k249_945323_32
R09401	k249_945323_39
R10677	k249_945323_39
R10678	k249_945323_39
R02071	k249_945323_42
R03234	k249_945323_43
R00267	(k249_955711_13) or (k249_2725021_5)
R00268	(k249_955711_13) or (k249_2725021_5)
R01899	(k249_955711_13) or (k249_2725021_5)
R01171	k249_955711_15
R01083	(k249_955711_18) or (k249_955711_19) or (k249_1594781_9)
R04559	(k249_955711_18) or (k249_955711_19) or (k249_1594781_9)
R00405	(k249_955711_28) or (k249_955711_29) or (k249_1041617_2) or (k249_1041617_3)
R02404	(k249_955711_28) or (k249_955711_29) or (k249_1041617_2) or (k249_1041617_3)
R00776	k249_981189_2
R02422	(k249_981189_3) or (k249_2616098_3)
R06977	(k249_994159_6) or (k249_2998397_5) or (k249_3244152_3)
R04805	(k249_1015053_1) or (k249_1031794_1) or (k249_1771190_3)
R03210	k249_1031794_5
R03182	k249_1031794_8
R00256	(k249_1031794_12) or (k249_1031794_13)
R00575	(k249_1031794_12) or (k249_1031794_13)
R01395	(k249_1031794_12) or (k249_1031794_13)
R10948	(k249_1031794_12) or (k249_1031794_13)
R10949	(k249_1031794_12) or (k249_1031794_13)
R01856	k249_1031794_18
R00621	k249_1041617_6
R01933	k249_1041617_6
R00351	(k249_1041617_11) or (k249_2592755_1) or (k249_2592755_2)
R07605	k249_1049152_3
R00470	k249_1049152_9
R05605	k249_1049152_9
R04987	(k249_1049345_2) or (k249_1049345_3) or (k249_1655986_1) or (k249_1655986_2) or (k249_3403947_1)
R01768	k249_1057885_2
R02103	k249_1057885_2
R00713	(k249_1107854_1) or (k249_2416230_3)
R00714	(k249_1107854_1) or (k249_2416230_3)
R02401	(k249_1107854_1) or (k249_2416230_3)
R11013	(k249_1107854_3) or (k249_1793774_1)
R01993	k249_1115072_2
R08503	(k249_1131129_3) or (k249_1131129_16)
R05661	(k249_1131129_4) or (k249_2462080_1)
R08603	k249_1131129_5
R02782	(k249_1131129_7) or (k249_1151772_5) or (k249_2462080_2) or (k249_3414087_1)
R05659	(k249_1131129_7) or (k249_1151772_5) or (k249_2462080_2) or (k249_3414087_1)
R01183	(k249_1131129_10) or (k249_2221309_8) or (k249_2668756_1)
R09951	(k249_1131129_10) or (k249_2221309_8) or (k249_2668756_1)
R06894	k249_1131784_12
R03409	(k249_1131784_21) or (k249_1426829_5) or (k249_2893409_12)
R02272	k249_1146035_2
R01978	k249_1151432_4
R09282	k249_1151432_6
R00590	(k249_1155537_1) or (k249_1455622_13)
R03458	k249_1155537_5
R03459	k249_1155537_5
R07281	k249_1155537_6
R04457	k249_1155537_7
R03596	k249_1223403_3
R09372	k249_1223403_3
R06529	k249_1223403_4
R07302	k249_1223403_4
R03348	(k249_1223403_6) or (k249_1355756_1)
R01776	(k249_1279592_2) or (k249_1279592_3)
R00277	k249_1292323_6
R00278	k249_1292323_6
R01710	k249_1292323_6
R01711	k249_1292323_6
R03595	k249_1292323_8
R00215	k249_1318088_3
R01751	k249_1318088_3
R02545	k249_1318088_3
R06180	k249_1318088_3
R01920	k249_1320887_3
R02869	k249_1320887_3
R08359	k249_1320887_3
R10206	k249_1320887_5
R01280	(k249_1343907_1) or (k249_2877741_3)
R01663	k249_1343907_4
R01101	k249_1343907_7
R01103	k249_1343907_7
R01104	k249_1343907_7
R01194	k249_1343907_7
R01329	k249_1343907_7
R02926	k249_1343907_7
R03634	k249_1343907_7
R05549	k249_1343907_7
R05961	k249_1343907_7
R06091	k249_1343907_7
R09954	k249_1343907_9
R00491	k249_1374192_3
R11180	k249_1374192_4
R05633	(k249_1399648_9) or (k249_1399648_10)
R01525	k249_1399648_10
R02921	k249_1399648_10
R00658	k249_1399648_12
R00571	k249_1399648_13
R00573	k249_1399648_13
R01069	k249_1399648_15
R04606	k249_1399648_19
R05688	k249_1399648_26
R06447	k249_1399648_28
R02283	(k249_1399648_34) or (k249_2525945_9)
R04475	(k249_1399648_34) or (k249_2525945_9)
R04365	k249_1399648_36
R04173	k249_1399648_40
R05085	k249_1399648_40
R00093	(k249_1426829_3) or (k249_1426829_4) or (k249_1822632_22) or (k249_1980508_1) or (k249_1980508_2)
R00114	(k249_1426829_3) or (k249_1426829_4) or (k249_1822632_22) or (k249_1980508_1) or (k249_1980508_2)
R00248	(k249_1426829_3) or (k249_1426829_4) or (k249_1822632_22) or (k249_1980508_1) or (k249_1980508_2)
R05681	k249_1434416_1
R05837	k249_1434416_1
R07406	k249_1434416_1
R03231	k249_1448588_10
R03893	(k249_1455622_3) or (k249_1559805_5)
R05510	(k249_1455622_3) or (k249_1559805_5)
R05511	(k249_1455622_3) or (k249_1559805_5)
R06835	(k249_1455622_3) or (k249_1559805_5)
R06838	(k249_1455622_3) or (k249_1559805_5)
R08120	(k249_1455622_3) or (k249_1559805_5)
R08121	(k249_1455622_3) or (k249_1559805_5)
R09136	(k249_1455622_3) or (k249_1559805_5)
R09220	(k249_1455622_3) or (k249_1559805_5)
R09222	(k249_1455622_3) or (k249_1559805_5)
R01529	k249_1455622_4
R01445	k249_1455622_11
R02740	(k249_1455622_11) or (k249_1486087_6) or (k249_2970280_9)
R03321	(k249_1455622_11) or (k249_1486087_6) or (k249_2970280_9)
R10810	k249_1455622_11
R00760	k249_1455622_12
R00867	k249_1455622_12
R03920	k249_1455622_12
R00360	k249_1459546_6
R01257	k249_1459546_6
R00401	k249_1459546_7
R00835	k249_1486087_5
R02736	k249_1486087_5
R10907	k249_1486087_5
R02035	(k249_1486087_6) or (k249_2970280_2)
R01678	k249_1504340_4
R04783	k249_1504340_4
R06114	k249_1504340_4
R03220	k249_1513927_2
R00126	(k249_1513927_6) or (k249_2475847_2)
R01618	(k249_1513927_6) or (k249_2475847_2)
R01213	k249_1513927_10
R01152	k249_1577325_2
R07002	k249_1577325_5
R07003	k249_1577325_5
R07004	k249_1577325_5
R07023	k249_1577325_5
R07024	k249_1577325_5
R07025	k249_1577325_5
R07026	k249_1577325_5
R07069	k249_1577325_5
R07070	k249_1577325_5
R07083	k249_1577325_5
R07084	k249_1577325_5
R07091	k249_1577325_5
R07092	k249_1577325_5
R07093	k249_1577325_5
R07094	k249_1577325_5
R07100	k249_1577325_5
R07113	k249_1577325_5
R07116	k249_1577325_5
R08280	k249_1577325_5
R09409	k249_1577325_5
R04292	k249_1594781_6
R10147	k249_1594781_6
R04209	k249_1594781_9
R00112	(k249_1611829_6) or (k249_1611829_7) or (k249_1896523_1) or (k249_2990902_12)
R01602	k249_1645266_3
R10619	k249_1645266_3
R06200	(k249_1729530_1) or (k249_1795047_6) or (k249_2630618_2)
R01745	k249_1746777_10
R01747	k249_1746777_10
R04210	k249_1746777_12
R00258	k249_1746777_13
R01215	k249_1746777_13
R01398	k249_1746777_16
R01298	k249_1753404_7
R02528	(k249_1771190_1) or (k249_2987963_3)
R03544	(k249_1771190_1) or (k249_2987963_3)
R03545	(k249_1771190_1) or (k249_2987963_3)
R00847	k249_1793774_12
R01514	(k249_1814917_5) or (k249_1814917_6)
R05790	(k249_1814917_5) or (k249_1814917_6)
R03066	(k249_1822632_2) or (k249_2970280_5)
R03067	(k249_1822632_2) or (k249_2970280_5)
R02060	k249_1822632_3
R02412	(k249_1822632_19) or (k249_1822632_20)
R03083	(k249_1822632_19) or (k249_1822632_20)
R11105	k249_1896523_4
R00987	k249_1896523_5
R02668	k249_1896523_5
R03936	k249_1896523_5
R03197	k249_1980508_4
R04972	k249_1980508_4
R00084	(k249_1980508_6) or (k249_1980508_7)
R01086	k249_1980508_16
R00317	k249_2147958_9
R01421	k249_2147958_9
R01515	k249_2147958_9
R09978	k249_2147958_22
R05287	k249_2258047_2
R01586	k249_2405301_4
R00936	k249_2428595_4
R00937	k249_2428595_4
R00939	k249_2428595_4
R00940	k249_2428595_4
R02235	k249_2428595_4
R02236	k249_2428595_4
R11765	k249_2428595_4
R00488	k249_2428595_5
R00526	k249_2428595_5
R02735	k249_2428595_7
R00451	k249_2428595_8
R08572	k249_2433752_2
R00705	k249_2462080_4
R00706	k249_2462080_4
R00922	k249_2462080_4
R00935	k249_2462080_4
R04189	(k249_2525945_4) or (k249_2525945_5)
R05049	(k249_2525945_6) or (k249_2525945_7)
R00832	(k249_2525945_7) or (k249_2525945_8)
R04217	k249_2525945_9
R01030	(k249_2525945_13) or (k249_2630618_1)
R01470	(k249_2525945_13) or (k249_2630618_1)
R00228	k249_2525945_18
R01172	k249_2525945_18
R03177	k249_2550746_4
R07417	k249_2550746_4
R07418	k249_2550746_4
R00907	k249_2550746_5
R04187	k249_2550746_5
R07415	(k249_2550746_6) or (k249_2550746_15)
R01157	k249_2550746_8
R08714	k249_2550746_9
R07414	k249_2550746_11
R03470	k249_2550746_14
R00700	k249_2550746_19
R10146	k249_2550746_22
R00931	(k249_2592755_1) or (k249_2592755_2)
R04424	k249_2592755_3
R00214	k249_2594349_4
R00216	k249_2594349_4
R06601	k249_2616098_2
R06604	k249_2616098_3
R02425	k249_2616098_4
R00177	k249_2668756_3
R04771	k249_2668756_3
R10463	k249_2771598_3
R10666	k249_2771598_8
R02952	k249_2806495_3
R03367	k249_2806495_3
R11225	k249_2806495_3
R09668	k249_2841686_13
R00191	k249_2893409_8
R02291	k249_2950005_4
R02059	k249_2970280_1
R00765	k249_2970280_2
R10348	k249_2970280_5
R01226	k249_2970280_6
R00489	k249_2970280_8
R06979	k249_2998397_4
R06978	k249_2998397_6
R00332	k249_2998397_8
R02090	k249_2998397_8
R00479	k249_3152777_4
R01795	k249_3244152_1
R07211	k249_3244152_1
R01887	k249_3328914_12
R03093	k249_3328914_12
R03542	k249_3328914_12
R05591	k249_3328914_12
R07855	k249_3328914_12
R00289	k249_3328914_17
R00087	k249_3722152_2
R00287	k249_3722152_2
R00515	k249_3722152_2
R00662	k249_3722152_2
R03036	k249_3722152_2
R11323	k249_3722152_2
R00036	k249_3836202_4
